QP,FileSizeKB,EncodingFPS
0,15891.0048828125,100.98
1,17297.208984375,83.55
2,16336.603515625,78.2
3,15284.05078125,80.32
4,14316.7294921875,84.1
5,13242.916015625,86.34
6,12108.7109375,87.01
7,11026.1943359375,88.03
8,9841.009765625,90.51
9,8761.740234375,90.52
10,7723.513671875,92.48
11,6765.9755859375,93.97
12,5896.2900390625,96.52
13,5106.052734375,98.63
14,4364.59375,101.32
15,3716.1650390625,104.08
16,3147.4736328125,105.51
17,2667.7685546875,109.52
18,2268.904296875,109.29
19,1932.5732421875,104.29
20,1631.0830078125,116.11
21,1395.33984375,121.0
22,1185.60546875,123.03
23,1012.9599609375,130.26
24,868.65625,132.25
25,749.1962890625,136.22
26,644.078125,140.91
27,558.1162109375,146.47
28,481.5322265625,150.83
29,419.142578125,155.52
30,365.9697265625,155.06
31,322.052734375,152.66
32,282.732421875,153.05
33,249.6650390625,158.64
34,221.0673828125,161.49
35,196.6484375,161.72
36,175.880859375,175.44
37,157.611328125,158.99
38,140.474609375,178.11
39,127.8369140625,186.9
40,114.080078125,196.63
41,103.048828125,203.48
42,93.1162109375,213.07
43,85.197265625,214.03
44,78.5146484375,217.98
45,71.5478515625,222.4
46,65.306640625,227.27
47,59.259765625,232.9
48,54.05859375,233.67
49,50.1337890625,223.86
50,45.4833984375,223.46
51,41.5419921875,231.66
